{"cameraMode":{"drawMode":0,"name":"Shaded","section":"Shading Mode"},"sceneLighting":true,"audioPlay":false,"sceneViewState":{"m_AlwaysRefresh":false,"showFog":true,"showSkybox":true,"showFlares":true,"showImageEffects":true,"showParticleSystems":true,"showVisualEffectGraphs":true,"m_FxEnabled":true},"in2DMode":false,"pivot":{"x":-4.131081581115723,"y":4.176682949066162,"z":-5.734869003295898},"rotation":{"x":0.09135542809963227,"y":0.05771024897694588,"z":-0.005302991718053818,"w":0.9941301345825195},"size":14.453512191772461,"orthographic":false}